id,brand,model,sku,price
1,GMC,Savana 2500,1N6AD0CU5FN351843,"€16533,35"
2,Dodge,Viper,3N1CN7AP5FL422489,"€42419,21"
3,Acura,Legend,WAUDH74F98N866440,"€23631,22"
4,Pontiac,Bonneville,5J8TB3H57GL480413,"€10072,32"
5,Toyota,Corolla,3VW507AT6EM728978,"€25365,40"
6,Mercury,Mountaineer,3GYFNCE39FS710509,"€12847,27"
7,GMC,Envoy,WBA3B3G54EN927892,"€19018,80"
8,Pontiac,Sunfire,WAUNF68P66A433556,"€12663,60"
9,Dodge,Grand Caravan,3C3CFFFH1FT847198,"€13169,26"
10,Tesla,Model S,1G6AX5SX6F0890815,"€6692,79"
11,Chrysler,LHS,1FMCU0C77CK304261,"€41356,00"
12,Toyota,RAV4,KNAFT4A27A5630155,"€35273,08"
13,BMW,M Roadster,WAUYGBFC0CN814519,"€49779,47"
14,Chevrolet,Suburban 1500,2T1BU4EE5CC377023,"€41675,58"
15,GMC,Safari,19VDE1F39DE421196,"€14656,74"
16,Plymouth,Grand Voyager,1C3BC2EB4BN535316,"€48629,84"
17,Infiniti,I,JH4CL95915C457338,"€41256,01"
18,BMW,1 Series,WAUUL78E56A782958,"€14167,87"
19,Hyundai,Accent,SAJWA0ES7EP938708,"€16441,77"
20,Ford,Econoline E350,YV1612FHXD2578885,"€26224,80"
21,Ford,Bronco,WBAXH5C56DD355147,"€47456,65"
22,Toyota,Corolla,NM0GE9F7XF1690915,"€9780,10"
23,Pontiac,Bonneville,5N1BA0NC7FN730763,"€16397,30"
24,Chrysler,LeBaron,1G6DV8EP2E0741364,"€18638,62"
25,GMC,Savana 3500,WA1VGAFP8FA957243,"€31613,04"
26,Chevrolet,Express 1500,WBA6B2C59ED157143,"€36138,66"
27,GMC,Sierra 1500,KMHCM3AC4BU238727,"€31439,12"
28,Suzuki,Aerio,SAJWA4DC3BM812344,"€23184,22"
29,Infiniti,QX56,5UXKS4C58E0118966,"€42807,55"
30,Saturn,Sky,1N6AA0CH4DN786135,"€26645,04"
31,Suzuki,Kizashi,JH4DC53084S282799,"€26522,12"
32,Pontiac,LeMans,5LMJJ2H52BE345106,"€19396,79"
33,Dodge,Ram 1500,WUAW2BFC9FN025964,"€49923,24"
34,Volkswagen,Corrado,WAUDF78E77A925191,"€49435,60"
35,Mazda,Mazda3,WAUDFAFL5EN608062,"€21028,11"
36,Subaru,Alcyone SVX,1GYS3UKJ9FR721526,"€33653,17"
37,Pontiac,G6,WBA3C1C59FP843788,"€14172,82"
38,Volkswagen,Golf,1D7RB1CP7BS024339,"€8603,01"
39,Saturn,Outlook,WAUEF98E18A694161,"€10418,15"
40,Dodge,Grand Caravan,JN8AF5MR8DT310107,"€6709,84"
41,Chevrolet,Suburban,WA1BV74L77D473642,"€14946,24"
42,Suzuki,Equator,4JGBB2FB4BA538801,"€45177,55"
43,Toyota,Supra,JTHBL5EF5F5430014,"€33176,71"
44,Audi,A4,JTJYWRBZ4F2534310,"€44762,35"
45,Honda,Insight,WBAGH83481D710193,"€37719,44"
46,Kia,Sportage,JN1BV7AP2FM217200,"€47282,64"
47,GMC,Sonoma,4T1BK1EB1FU043794,"€18427,15"
48,Hyundai,Elantra,1GKS1KE01DR700299,"€24753,67"
49,Lincoln,Town Car,JN8AS5MT7BW348186,"€48495,16"
50,Honda,Odyssey,1G6DM1E38C0087071,"€43038,85"
51,Suzuki,Grand Vitara,1C6RD6FP1CS319054,"€23359,42"
52,Mitsubishi,Mighty Max,1HGCR2F3XEA619644,"€19718,82"
53,Lincoln,Town Car,WAUDF78E08A469536,"€25080,15"
54,Ford,Crown Victoria,WBA3N9C57EK756346,"€8367,77"
55,Bentley,Continental,19XFA1F26AE280599,"€38482,50"
56,Ford,Taurus,19VDE2E56DE057862,"€32461,28"
57,Subaru,Legacy,WAUDF98E66A195543,"€14268,64"
58,Corbin,Sparrow,3C6LD5BT7CG580084,"€20102,87"
59,Mazda,Miata MX-5,3D73M3CL5BG143488,"€33746,55"
60,Audi,TT,WBAUL7C55AV060981,"€49842,43"
61,Lexus,SC,3C63DPJL7CG435706,"€16931,65"
62,Mitsubishi,Lancer,KMHTC6AD2FU794845,"€5753,65"
63,Volkswagen,R32,WVWAN7AN8DE089673,"€9069,14"
64,GMC,Jimmy,2LMDJ8JK5FB792392,"€39905,83"
65,Acura,Vigor,3A4GY5F94AT427643,"€35832,73"
66,Chevrolet,Tahoe,3GYFNCE32ES734231,"€46852,27"
67,Volvo,V70,SALVE2BG7FH860266,"€13668,74"
68,Land Rover,Discovery,3D73M3CL7AG934006,"€35516,88"
69,Chrysler,Crossfire,JM3TB2MA0A0187206,"€49254,71"
70,Chrysler,Town & Country,WAULT58E82A386064,"€12489,69"
71,Ford,Bronco II,1G6DJ8EV3A0134247,"€9969,86"
72,Mitsubishi,Mighty Max,1GKLRKED2AJ212120,"€35166,81"
73,Ford,F150,WBA3B5G56EN592579,"€8149,37"
74,Saturn,Relay,1N6BF0KMXFN979509,"€48271,67"
75,Lexus,ES,1GYS4UKJ4FR206253,"€34695,57"
76,Eagle,Talon,WAUXL58E74A146699,"€43423,63"
77,Jaguar,XF,WBAAZ33495K449941,"€22075,24"
78,Cadillac,Seville,WAUKF98E88A990877,"€43111,64"
79,Ford,Econoline E250,WAUSG78E06A396234,"€34634,63"
80,Buick,Reatta,WBAEV334X3K155636,"€44333,46"
81,GMC,Yukon,1FMCU5K37AK646981,"€7431,83"
82,Audi,90,2C3CDXCT0DH088506,"€48900,94"
83,Buick,Century,SALVE2BG4FH173083,"€19731,29"
84,Volvo,S80,WA1YD64B43N121590,"€33282,52"
85,Bentley,Arnage,WAULFAFR2AA186270,"€31781,15"
86,Infiniti,J,WDDNG9FBXCA154525,"€37625,45"
87,Dodge,Ram 1500,JN8AF5MRXBT138000,"€31993,30"
88,Chevrolet,Cavalier,5NPDH4AE3DH570594,"€22148,08"
89,Nissan,350Z,3C3CFFCR2FT987953,"€16139,63"
90,Ford,Laser,JM1NC2EFXA0423837,"€29714,57"
91,Infiniti,M,3VW4S7AT1EM915986,"€37387,16"
92,Chevrolet,Corvette,2C3CCAHG1CH626088,"€38467,23"
93,Spyker,C8 Double 12 S,1FADP5AU8EL744422,"€20132,29"
94,Infiniti,FX,WAUMFAFR3EA591659,"€34484,55"
95,Oldsmobile,Silhouette,YV4902BZ6E1287969,"€19839,62"
96,Mitsubishi,Diamante,WAUMGAFL6BA727657,"€20121,94"
97,Dodge,Ram 2500,1FT7W2A64EE962790,"€33718,85"
98,Land Rover,Range Rover,JA32X2HU1EU226697,"€33507,45"
99,Volkswagen,Cabriolet,WDDHF5GBXAA265967,"€21738,58"
100,MINI,Clubman,5XXGM4A79DG458288,"€40558,81"
101,Mitsubishi,Lancer Evolution,5UXFG43539L200076,"€29355,52"
102,Land Rover,LR3,SCBCR63W84C219818,"€22443,22"
103,Honda,Civic Si,1G4HF579X9U680347,"€8685,22"
104,Honda,Civic,SCFFDCBD4BG771119,"€47171,71"
105,Chevrolet,Express 1500,WBANN735X6B065780,"€27560,97"
106,Honda,Odyssey,1GYS3FEJ6CR110761,"€44783,24"
107,Bentley,Brooklands,WAUKF78EX5A735339,"€49480,03"
108,Honda,Civic,KNAFU6A21C5523940,"€43543,61"
109,Nissan,Quest,2G4GR5ER0D9824869,"€20716,12"
110,Mitsubishi,i-MiEV,WAUWFAFL3AA483542,"€34698,32"
111,Dodge,Ram 1500,5XXGM4A76CG690782,"€20647,16"
112,Bentley,Continental GTC,3GYFK22259G072555,"€13717,46"
113,Ferrari,F430,3C3CFFER2DT725330,"€19452,45"
114,Audi,Q5,5FRYD4H23EB427281,"€44423,49"
115,BMW,X5 M,3GYFK66N25G148206,"€42070,75"
116,Mercury,Grand Marquis,NM0AE8F73E1394293,"€22477,54"
117,Lincoln,MKT,3C3CFFDR4CT312809,"€14088,56"
118,Mazda,RX-8,SCFEDCAD8CG638765,"€27359,60"
119,Pontiac,Grand Prix,WBAVC53558F602626,"€5768,61"
120,Lexus,LS,WBANA73535B011098,"€13026,31"
121,Volkswagen,Jetta,4JGDF2EE1FA001561,"€47120,16"
122,Toyota,TundraMax,WA1LFBFP0BA921685,"€40279,75"
123,GMC,Sonoma Club Coupe,3D4PH3FG7BT783159,"€43862,50"
124,Toyota,Highlander,WAUEF98E26A747950,"€19394,77"
125,Infiniti,Q,WAUKFBFL6EA367617,"€31254,25"
126,Toyota,Sequoia,SCFEBBAC1AG882813,"€19872,04"
127,Mercedes-Benz,S-Class,WDDEJ7EB4CA534516,"€8464,03"
128,BMW,7 Series,WAUEKAFB2AN507756,"€36032,68"
129,Nissan,300ZX,1N6AA0CH4EN824321,"€12481,22"
130,GMC,3500 Club Coupe,WBAET37464N189590,"€45695,38"
131,Chevrolet,G-Series 3500,WBAEW53415P970063,"€40425,20"
132,Toyota,Camry Solara,WBAGN83473D860906,"€22523,78"
133,Nissan,Rogue,JN8AF5MR2BT134720,"€30474,93"
134,Mazda,B-Series Plus,1GKUCKE08AR927634,"€40303,84"
135,Chrysler,Concorde,1G4HJ5EM6BU784801,"€23231,79"
136,Oldsmobile,Cutlass Supreme,1GYS3BEF9BR845897,"€44652,24"
137,Ford,Escort,JHMFB4F21CS441129,"€5082,32"
138,Acura,CL,JA32X2HU0EU449250,"€45477,30"
139,Chevrolet,Sportvan G30,WAURVAFA5AN615188,"€8645,50"
140,Isuzu,Ascender,WAUJC68EX2A926737,"€26619,82"
141,Pontiac,Gemini,1G6DK8E38C0595684,"€9232,36"
142,Ford,Thunderbird,1FTNF2B52AE666805,"€40427,89"
143,Suzuki,Daewoo Lacetti,2HNYD18296H102611,"€39395,44"
144,Mazda,MX-5,1N4CL2AP5BC046913,"€48299,52"
145,Audi,TT,2HNYD28598H447379,"€8085,60"
146,Mitsubishi,Galant,WUADNAFG5BN788893,"€47598,30"
147,Audi,A8,WVWAA7AH2AV330094,"€20036,46"
148,Volvo,S60,3D4PH6FV4AT712676,"€5286,86"
149,Pontiac,Sunfire,WUAUUAFG7F7448299,"€28967,11"
150,Fiat,Nuova 500,5N1AN0NU1CC449946,"€49309,28"
151,Subaru,Outback,WAUWGAFB6BN873940,"€34870,57"
152,GMC,2500 Club Coupe,5UXFG8C58DL885725,"€17189,00"
153,Toyota,Tacoma,JN1AZ4EH3FM467921,"€14435,21"
154,Saturn,Astra,WBAPM5C52BA452761,"€35501,38"
155,Mazda,B-Series,WBAPH7G57AN890208,"€10087,03"
156,Volkswagen,Cabriolet,1GYS4JKJXFR250711,"€37358,83"
157,BMW,X5 M,WVGAV3AX1EW151285,"€16770,62"
158,Pontiac,Grand Prix,YV1672MC1BJ777574,"€36432,70"
159,Pontiac,Bonneville,WAUAT48H75K662373,"€21133,19"
160,Dodge,Ram 1500,3D4PG4FB1BT526995,"€20268,55"
161,Honda,Accord,JM1NC2JF2E0278515,"€43199,64"
162,Mitsubishi,Galant,1G6DU6EV2A0256772,"€38368,98"
163,Ford,Mustang,1G6YV36A585759718,"€33884,50"
164,Chevrolet,Malibu,1FTNF2B52AE953447,"€46710,62"
165,Kia,Sportage,WAUKF98E57A179293,"€32555,08"
166,Chevrolet,Venture,1N6AD0CUXFN952505,"€43187,58"
167,Infiniti,G35,JTEBU5JR1E5820603,"€28555,53"
168,Acura,RL,WBAVB13566K350904,"€40140,78"
169,Toyota,Corolla,1C3BCBGG0DN409904,"€11379,84"
170,Bentley,Brooklands,5FRYD4H43FB221669,"€6301,54"
171,Honda,Odyssey,3C4PDCEG1CT874861,"€16380,30"
172,Pontiac,Grand Prix,1ZVBP8JZ7E5264937,"€35615,34"
173,Mitsubishi,Lancer,KNDJT2A1XA7831741,"€32105,37"
174,Infiniti,G35,WAUAF68E15A968628,"€35039,53"
175,Chevrolet,Express 2500,WAUSF98K59N302740,"€44919,15"
176,Ford,Thunderbird,WAUDV74F97N556683,"€32486,72"
177,Mercedes-Benz,SLR McLaren,3GYFNAE34CS586133,"€23728,37"
178,Mercedes-Benz,SL-Class,WAUPL58E44A864016,"€46101,43"
179,Volvo,V70,1B3CC1FB5AN521546,"€19783,36"
180,Mercury,Grand Marquis,WVWAN7AN7EE138167,"€14002,33"
181,Jaguar,XK Series,WBAEP33495P671194,"€15604,30"
182,Mercedes-Benz,CL65 AMG,WP0AA2A80CU171751,"€8878,81"
183,Volkswagen,GLI,3GYFNAE32FS872454,"€39243,79"
184,MINI,Cooper Clubman,1G6AH5RX9E0859723,"€19688,82"
185,Ford,Mustang,2B3CA9CV2AH853343,"€36276,27"
186,Ford,Econoline E350,19UUA8F74CA485146,"€46498,54"
187,Honda,Passport,WA1BY74L99D381913,"€21393,51"
188,Chevrolet,Avalanche 2500,WAUFGAFC9DN176032,"€27997,72"
189,Chevrolet,G-Series G10,WA1YD54BX4N140690,"€14110,70"
190,Jaguar,XF,3VW4T7AT8EM753674,"€47628,95"
191,Kia,Rio,SCFFBCBD8AG380138,"€33184,79"
192,Volkswagen,Phaeton,WBA8Z5C53FG034623,"€32517,14"
193,Land Rover,Discovery,1FTSW2B56AE679303,"€26132,36"
194,Mazda,MPV,JN8AE2KP6D9575320,"€34873,35"
195,Chevrolet,3500,1GYFC23239R672521,"€38390,48"
196,Toyota,Land Cruiser,5TDDK3DCXBS743685,"€35911,42"
197,Isuzu,Axiom,1YVHZ8BH3D5675788,"€10516,30"
198,Saturn,S-Series,3GYFNEE31FS596775,"€5458,37"
199,Mazda,Mazda6,1N6AF0KX1FN172589,"€18576,73"
200,Mercedes-Benz,G-Class,JTEBU4BFXEK106596,"€25332,00"
201,Mazda,Protege,1G4GE5G3XFF969027,"€12973,08"
202,Mazda,626,JN1CV6EK7BM461268,"€29275,92"
203,Mercedes-Benz,S-Class,3N1BC1AP9BL945779,"€35184,26"
204,GMC,Suburban 2500,WBAEV33452P010330,"€16350,01"
205,Mazda,Millenia,KMHHT6KD9BU047791,"€24110,65"
206,Ford,Mustang,WAUNF98P98A847614,"€39238,94"
207,Suzuki,Grand Vitara,WAUHFAFL1BA224316,"€5570,98"
208,Eagle,Talon,KMHFC4DD6BA858720,"€13302,48"
209,Oldsmobile,Silhouette,WAUHE98P29A677209,"€19622,94"
210,Mercedes-Benz,S-Class,SCBCR73W67C694362,"€46249,17"
211,Mercury,Monterey,WAUPL58E65A881675,"€8553,30"
212,Buick,Electra,WAUUFAFH6AN418938,"€41452,12"
213,Lexus,IS F,KMHHT6KDXCU904718,"€27578,59"
214,Buick,Special,1G6DN57U960136163,"€17650,35"
215,Geo,Metro,WAUBF78E38A404641,"€49508,66"
216,Acura,RL,1G6AT5SX0E0129272,"€29666,96"
217,Mercury,Marquis,JTDKDTB37C1922978,"€7452,83"
218,Toyota,Avalon,JTDKTUD36DD787627,"€21081,19"
219,Honda,Passport,5J6TF1H54DL985970,"€20787,21"
220,GMC,Yukon XL,JN1AV7AR6FM557060,"€37640,54"
221,Pontiac,Firefly,WA1WMBFE1FD563101,"€20750,49"
222,Infiniti,EX,1GKS2FEJ7CR041849,"€23518,95"
223,Dodge,Ram 3500,WUADUAFG7F7611047,"€22245,88"
224,Toyota,Land Cruiser,1N6AF0KY7EN499456,"€45483,79"
225,Mazda,Protege,1FTEW1CW2AK908303,"€43285,60"
226,Toyota,Corolla,1FTEW1E83AK175578,"€18402,42"
227,Oldsmobile,Bravada,WBANV1C54AB881261,"€16396,21"
228,Porsche,928,1FMCU9D76AK987764,"€48989,29"
229,Ford,Thunderbird,KNDPB3AC5F7659730,"€36229,73"
230,Maybach,62,1G6DG8EYXB0461156,"€13448,06"
231,Buick,Regal,1G6KD54Y84U325023,"€12992,96"
232,Mitsubishi,Galant,5UXWX9C55DL064491,"€15482,50"
233,Saturn,L-Series,WAUVT68E22A244355,"€8498,26"
234,Buick,Century,WAUVC68E33A614696,"€18518,56"
235,Jeep,Grand Cherokee,WAUDF48H37K647554,"€44843,88"
236,Pontiac,Gemini,JM1NC2PF2E0838783,"€10381,35"
237,Mercedes-Benz,SLS AMG,1G4CW54K514542589,"€22483,90"
238,Saturn,VUE,JTJHY7AX2F4754080,"€22941,40"
239,Daewoo,Lanos,TRUWT28N921099224,"€27602,48"
240,Toyota,4Runner,WAUVT68E03A814936,"€20067,68"
241,Volkswagen,Fox,WBAFR7C58CD880455,"€5024,39"
242,Hyundai,Sonata,1G6DA1E39D0756250,"€36296,90"
243,Volvo,C70,WBADX1C50CJ189710,"€19019,90"
244,Hyundai,Azera,19UUA8F39EA989451,"€48193,28"
245,Mercedes-Benz,SL-Class,1C4RDHDG2EC116517,"€9624,29"
246,Toyota,4Runner,3FA6P0LU2DR821973,"€6996,61"
247,Kia,Sportage,1G6DE5E55D0638211,"€6788,69"
248,Pontiac,Bonneville,1GYEK63N63R940209,"€24156,48"
249,Mercedes-Benz,300D,WAUEF78E47A856187,"€12035,24"
250,Mercedes-Benz,C-Class,WAUKF78E98A767123,"€40470,41"
251,Bentley,Continental Flying Spur,WAUEG98E06A526814,"€29905,61"
252,Chevrolet,G-Series G20,1G6DD67V490404218,"€6799,61"
253,Mercedes-Benz,600SEL,SAJWA6AT2F8909162,"€26771,66"
254,Honda,Element,WAUBH64BX1N984727,"€27485,38"
255,Chevrolet,2500,1N6AF0KYXFN195474,"€37411,47"
256,Ford,E350,SCFHDDBT6EG597225,"€15037,55"
257,Mercedes-Benz,CLK-Class,WBADT53491C093330,"€11560,76"
258,Ferrari,F430,3G5DA03L77S504916,"€44093,80"
259,Dodge,Spirit,JTHBL5EF9E5165726,"€21566,54"
260,Nissan,Quest,WAUDF78E97A003537,"€26232,81"
261,Lexus,ES,WAUKD78P36A638248,"€43667,77"
262,Bentley,Azure,1FBNE3BL2BD763280,"€48123,62"
263,Infiniti,EX,3GYFK66N34G897000,"€32190,21"
264,Isuzu,Rodeo,WP0AA2A97CS600808,"€26387,06"
265,Saturn,S-Series,JTEBU5JRXF5135386,"€22685,79"
266,Nissan,Xterra,2T1BURHE7EC510621,"€33633,99"
267,Suzuki,Aerio,SCFBB03C79G562606,"€22860,20"
268,Honda,Accord,WA1LMBFE3AD315136,"€32960,60"
269,Plymouth,Voyager,19UYA42703A530499,"€9708,99"
270,Mazda,B-Series Plus,3VW4S7AT7EM481492,"€23796,52"
271,Subaru,Legacy,WUARL48H36K962664,"€32229,86"
272,Toyota,Paseo,WA1BV94L97D253592,"€43566,89"
273,Cadillac,Escalade EXT,3FA6P0PU9FR727604,"€27758,60"
274,Chrysler,PT Cruiser,WAUDT48H55K564679,"€30049,85"
275,Dodge,Viper RT/10,WBAWV13518P681374,"€16160,12"
276,Lexus,IS,3D73M4CL6AG750701,"€42632,50"
277,Toyota,Camry,3D73M4HL5AG338777,"€19852,11"
278,Volvo,C30,WAUEH78E26A984291,"€28293,99"
279,Nissan,Titan,WAUSF78E96A614089,"€45348,52"
280,Mazda,Mazda6,JN1CV6AP3AM448100,"€49971,96"
281,Toyota,Tacoma,3LN6L2G96DR545011,"€44415,52"
282,Mercury,Topaz,1G6KF54985U751928,"€16832,94"
283,Audi,S5,WAUVT64B12N542691,"€31244,84"
284,Eagle,Summit,YV440MBC1F1693029,"€34950,75"
285,Mazda,Miata MX-5,WBA3R1C53EK860287,"€37710,94"
286,Hyundai,Genesis,SALCP2BG9FH674701,"€22243,33"
287,Land Rover,Discovery,WAUAT48H85K739638,"€27446,60"
288,Ford,Aspire,SCFEFBAC8AG416056,"€47648,11"
289,Mazda,Mazda6,5UXXW3C58F0248347,"€31413,40"
290,Ford,Mustang,1FTEW1CF7FF503067,"€42429,67"
291,Mitsubishi,Sigma,JM1NC2MF7D0477120,"€26707,20"
292,Volkswagen,Touareg 2,1G4GF5G30EF357222,"€27391,81"
293,Ford,Expedition,3VW1K7AJ4BM857286,"€46106,75"
294,Subaru,Impreza WRX,WBSKG9C57BE361207,"€33801,10"
295,Ford,F350,2G4WD582671016358,"€39037,00"
296,GMC,Savana 1500,5UXFB53586L679868,"€42900,17"
297,Mazda,Protege,3D7JB1EK0BG586279,"€48422,52"
298,Chevrolet,Camaro,WAUPL58E55A206299,"€13394,23"
299,Toyota,4Runner,1D7RV1GP2BS582228,"€33847,24"
300,Pontiac,GTO,WBAKF5C57DE564827,"€29123,26"
301,Nissan,300ZX,WAUPL68E84A313593,"€25562,27"
302,Mercury,Villager,5GAEV23D99J327636,"€39201,78"
303,Dodge,Caravan,1GKUCGEJ0AR710584,"€26282,06"
304,Mercedes-Benz,Sprinter,5N1AA0NCXFN821392,"€42137,87"
305,Jeep,Liberty,JN1BJ0HR0EM548172,"€41647,54"
306,Nissan,240SX,2T1KE4EE0CC325179,"€5131,41"
307,Isuzu,Rodeo Sport,1C3BCBEB3EN829147,"€37338,06"
308,Hyundai,Elantra,JA32U1FUXDU631154,"€49416,65"
309,Volkswagen,GTI,5N1AN0NU9EN204299,"€40640,06"
310,Hyundai,Tiburon,KM8JT3AB4CU765623,"€10758,24"
311,Dodge,Daytona,WAUKFBFL7DA676947,"€10948,90"
312,Dodge,Caravan,1G4HD57238U500939,"€12520,68"
313,Ford,Escape,KNAFT4A27C5040184,"€17976,44"
314,Bentley,Continental,KNAFU6A29A5375694,"€29977,73"
315,Mitsubishi,Diamante,3D7TT2CT8BG250340,"€45866,53"
316,GMC,Canyon,WAUAH94F46N746654,"€18705,01"
317,Volkswagen,GTI,JH4CU2F80CC321919,"€45237,52"
318,Mitsubishi,Pajero,JTDKDTB33F1555484,"€30961,29"
319,GMC,Safari,1G6DE8E52C0118564,"€19093,42"
320,Acura,MDX,1ZVBP8JZ4E5849409,"€46246,00"
321,Cadillac,Seville,JN8AZ2NC4E9540063,"€24149,46"
322,Land Rover,Discovery,1GD02ZCG8BZ886991,"€13443,31"
323,Chevrolet,Corvette,3C6JD6DK1CG670686,"€11880,49"
324,Maserati,Quattroporte,WBADW7C56CE609565,"€45053,84"
325,Ford,Expedition EL,1GT01XEG4FZ695888,"€49758,41"
326,Ford,E150,1GYFK66838R705316,"€18941,43"
327,Cadillac,CTS,SAJWA0FB1CL426798,"€29269,45"
328,Buick,LeSabre,3G5DB03E15S531220,"€49793,91"
329,Audi,A6,4T1BB3EKXAU867278,"€12005,12"
330,Chevrolet,Suburban 1500,WBAKG1C57CJ843349,"€17781,02"
331,Infiniti,I,2T1BU4EE5DC617947,"€22381,35"
332,Mercedes-Benz,E-Class,JN8AF5MR1BT266996,"€18323,61"
333,Chevrolet,Express 3500,1FTWF3B5XAE900439,"€25032,97"
334,Dodge,D150 Club,2T2BK1BA3FC501148,"€24824,35"
335,Acura,RDX,1N6AD0CW7EN811018,"€20652,55"
336,Buick,LaCrosse,5TDBY5G14DS363644,"€47355,80"
337,GMC,Rally Wagon G3500,WAUXD68D01A697448,"€44747,64"
338,Ford,Escape,2T1BU4EE2BC106340,"€35104,71"
339,Audi,100,SCBDR33W29C722741,"€13484,09"
340,Volvo,C70,1G6AH5R33D0530687,"€10166,05"
341,Lexus,SC,19XFB2F51CE463375,"€28285,30"
342,Scion,tC,3N1AB7APXFL621425,"€22659,26"
343,GMC,2500,WAUAF98E46A758155,"€36299,00"
344,Lincoln,Navigator,3GYT4NEF3DG669290,"€35447,06"
345,Chevrolet,Monte Carlo,WAUBF48H47K035497,"€21056,04"
346,Honda,Passport,1G4GA5GC1BF694721,"€21413,37"
347,Chevrolet,Sonic,WBSBR93402P390974,"€11119,03"
348,Maserati,Quattroporte,3MZBM1K72FM524329,"€39736,42"
349,Dodge,Stratus,1FADP5AU6DL918082,"€6066,07"
350,GMC,Suburban 2500,19XFA1E82AE424977,"€10181,95"
351,Plymouth,Neon,JN8AF5MR5BT913867,"€28382,26"
352,Infiniti,QX56,1C4PJLAB2EW440772,"€34759,06"
353,Plymouth,Neon,5FRYD4H48GB070748,"€6528,00"
354,Isuzu,Trooper,WBALL5C54EJ092897,"€32873,00"
355,Suzuki,Esteem,WAU4GBFB2BN936206,"€39289,95"
356,GMC,Savana 2500,JTDKDTB39D1707037,"€15022,00"
357,Toyota,T100,1G6AY5SX9E0184028,"€27883,11"
358,Volkswagen,Touareg,2C3CDXEJ9FH120643,"€9485,34"
359,Land Rover,Range Rover,4T1BD1FK1FU161501,"€30109,85"
360,Pontiac,Grand Prix,1G6DC5E52C0728047,"€17378,24"
361,BMW,X3,1FTEW1CM9EK335033,"€43063,62"
362,Mercedes-Benz,E-Class,2G4GT5GR5C9680054,"€38199,46"
363,Chevrolet,Aveo,WAULT68E75A861505,"€36644,96"
364,Audi,A4,3GYT4MEF1CG408541,"€48171,03"
365,Chevrolet,Express 3500,1G6DC8E39E0174069,"€16115,12"
366,Honda,Accord,1GYEE637990229559,"€43327,29"
367,Scion,xD,WAUGN94F89N494625,"€10344,28"
368,Volvo,850,2C4RDGEG8ER649424,"€41569,92"
369,Buick,Riviera,KNAFU6A20A5433949,"€10326,44"
370,Dodge,Neon,4T1BF1FK1FU399942,"€12107,48"
371,Lexus,GS,YV4952BL8E1095708,"€16500,84"
372,Honda,Accord,WP1AE2A23CL342770,"€20639,65"
373,Ford,EXP,WAUBH74F26N710700,"€16674,86"
374,Subaru,Tribeca,3C4PDDBG8FT976091,"€46197,08"
375,Chevrolet,Corvette,5UXFB935X3L054665,"€21505,37"
376,Toyota,Celica,SCFFDAAE8BG682314,"€43193,43"
377,Volkswagen,Type 2,SCBGT3ZA5DC764145,"€18651,77"
378,Mercedes-Benz,SLK-Class,1G6DG5EG1A0534239,"€27656,41"
379,Mazda,Protege,3FA6P0D95DR810136,"€24051,71"
380,Toyota,Solara,WA1CYAFE1AD255193,"€38015,30"
381,Subaru,Forester,1G6YX36D195948775,"€33338,23"
382,Chevrolet,Venture,WP0AA2A98ES233436,"€35730,06"
383,Toyota,Celica,1C3CDFBA1DD125750,"€7641,02"
384,Suzuki,Daewoo Lacetti,KNADM4A38D6046150,"€24064,69"
385,Lexus,GS,WBAYF8C50ED833303,"€6252,04"
386,Ford,Focus,WP0CB2A88FK240840,"€21628,68"
387,Mazda,B-Series,WBADX1C50DJ817539,"€42880,61"
388,Honda,Odyssey,SCBGC3ZA0EC500588,"€39917,85"
389,Mercury,Topaz,1N4AL2AP5CC106794,"€29984,35"
390,Dodge,Dakota,WBALW7C56DD521053,"€13815,10"
391,Dodge,Ram 3500,1B3CB9HA0BD116871,"€30530,93"
392,Ford,Expedition,WAUJC68E14A205189,"€15373,86"
393,Mercedes-Benz,S-Class,1N4AL2AP1BN782873,"€40055,86"
394,GMC,Rally Wagon 2500,WP0AA2A89CU116604,"€22843,71"
395,Mitsubishi,Lancer Evolution,1FTMF1E8XAK034938,"€20860,46"
396,Toyota,Avalon,JTHBL5EF6E5309359,"€45422,94"
397,Volvo,V90,JH4CL968X6C166893,"€11272,56"
398,Audi,A3,3C63D3GL1CG305484,"€31661,26"
399,Honda,Civic,WBA5M4C52ED630690,"€49355,37"
400,Buick,LeSabre,WBAVC93507K002383,"€26847,44"
401,Mitsubishi,Precis,WBAFU7C5XCD581144,"€13958,71"
402,Buick,Skylark,1D4RE3GG3BC072506,"€28000,84"
403,Honda,Accord,3GYFNBE31CS649064,"€21324,54"
404,Volvo,V70,1G4GC5G39EF594347,"€24835,08"
405,Saab,9-3,2B3CM5CT5BH066662,"€36257,48"
406,Chevrolet,Uplander,JH4KB16577C652696,"€39736,47"
407,Toyota,Avalon,3C6JD7BP1CG135216,"€40220,25"
408,GMC,Yukon,1G6DG8EGXA0304717,"€49016,59"
409,Dodge,Ram 2500,2G61S5S37E9044435,"€22027,28"
410,Hyundai,Elantra,JTHBF1D23F5532118,"€15398,70"
411,Volkswagen,Golf,1C4RJEAG6EC594872,"€18177,30"
412,Ford,Crown Victoria,WVGFF9BP6BD231967,"€47366,63"
413,Buick,Riviera,1FTSW2B55AE913155,"€5131,95"
414,Land Rover,Range Rover Sport,JM1NC2JF7C0513892,"€17292,96"
415,Chrysler,Pacifica,1N4AB7AP8DN407971,"€19552,04"
416,Plymouth,Reliant,5N1AA0NE4FN162758,"€47707,03"
417,Isuzu,Rodeo Sport,WBAUN93519V434407,"€33958,65"
418,Mitsubishi,Mirage,SCBFR7ZA8DC120785,"€45464,85"
419,Saab,9-5,WBAYA6C50FD170898,"€38930,61"
420,Cadillac,CTS,WA1EY94L58D291889,"€47409,37"
421,Nissan,Versa,WDDPK4HA5DF333199,"€9480,41"
422,GMC,Sonoma Club Coupe,1N6AA0CJ9FN038485,"€29076,45"
423,Infiniti,G,3GYFNAE32FS818653,"€34824,57"
424,Dodge,Dakota,3D73M4CL5BG141813,"€14059,29"
425,Infiniti,Q,WAURD68D42A972782,"€27595,89"
426,Mitsubishi,GTO,JTDZN3EU2D3614073,"€33935,38"
427,Acura,Integra,KNADM4A30F6205519,"€8942,80"
428,Chrysler,Sebring,WBAYA8C5XDD225379,"€30409,18"
429,Honda,Odyssey,WDDEJ7EB5EA419443,"€20365,26"
430,Chevrolet,Aveo,WBAUC9C59CV632276,"€24428,36"
431,Isuzu,Rodeo,WAUAG78E06A414825,"€5039,98"
432,Mitsubishi,Outlander Sport,WAULFAFH0AN395846,"€10049,90"
433,Mitsubishi,Galant,JN1AJ0HP2BM422661,"€16205,75"
434,Volkswagen,Golf,3C4PDDEG4FT695384,"€24787,66"
435,Pontiac,GTO,19XFB2E52FE616013,"€44047,88"
436,Chevrolet,Astro,WAUHE78P99A737183,"€46427,24"
437,Mazda,MPV,1N6AD0CU4CC679889,"€43741,11"
438,Land Rover,Range Rover,1FTMF1C86AK603321,"€16415,49"
439,Toyota,RAV4,WAUUL78E25A976927,"€44470,03"
440,Nissan,Frontier,5J6TF2H58DL695706,"€48284,92"
441,Lexus,GS,WAUDT48H76K077520,"€42730,88"
442,Ford,F150,5N1AT2ML5FC603413,"€26938,76"
443,Hyundai,Santa Fe,1G6AE1RX4F0914890,"€29598,27"
444,Hyundai,Accent,2HNYD2H39DH253430,"€18378,60"
445,Hyundai,Elantra,SCBLC37F33C279918,"€21375,64"
446,Toyota,Camry Hybrid,1FMJK1HT6FE438724,"€15744,30"
447,Mercury,Grand Marquis,JTHBL5EF9F5828925,"€47262,23"
448,Chevrolet,Express,3N1AB6AP0BL569114,"€6707,49"
449,Suzuki,Swift,3D7JB1EK1AG438026,"€40454,73"
450,Ford,Econoline E350,WAUPL68E04A506174,"€36842,50"
451,Aptera,2e,1ZVBP8AM3D5324487,"€34149,16"
452,Hyundai,Accent,WBSDE93481B447566,"€13495,03"
453,BMW,Z3,1G6DG8EGXA0385461,"€13344,77"
454,Infiniti,G,WBA3B3C53FJ024177,"€46554,75"
455,Mitsubishi,Challenger,WBAYA6C57FG412990,"€42043,07"
456,Buick,LeSabre,5UXFG4C54AL055120,"€10162,33"
457,Hyundai,Santa Fe,SCFFDCCD0CG949348,"€48750,51"
458,Dodge,Dakota Club,WBANV93518C074294,"€20079,46"
459,Porsche,Cayenne,SCBDR3ZA8AC960528,"€22334,34"
460,Ford,Windstar,JH4DB75631S886112,"€15696,79"
461,Volkswagen,CC,3FADP4AJ5FM809680,"€28347,82"
462,Toyota,Tercel,1G6DC1E35D0543404,"€34571,91"
463,Ford,Crown Victoria,WUARL48H38K147514,"€47449,12"
464,Hummer,H2,WAUDF48HX9K182354,"€21807,48"
465,Buick,Riviera,JTJHY7AXXE4689106,"€11079,55"
466,Audi,A4,2T1BU4EE9CC122584,"€35125,71"
467,Mazda,Miata MX-5,WBAFR9C51BD097911,"€46615,84"
468,Ford,E150,WBAPN7C52BA496798,"€40419,22"
469,Dodge,Grand Caravan,19XFB2F51EE861317,"€46349,03"
470,Mercury,Milan,WAUDH74F06N041769,"€41536,21"
471,BMW,3 Series,1FBNE3BL7CD177515,"€49639,00"
472,Toyota,Sequoia,2FMDK3GC3BB321103,"€28547,79"
473,Ford,E150,WA1CV74L29D766825,"€22579,61"
474,Audi,S4,WDDUG7GBXFA768509,"€32097,88"
475,Kia,Sorento,5UXFA93594L449084,"€37952,21"
476,Aston Martin,DB9,JTJBM7FX3C5164664,"€37343,42"
477,Ford,Bronco,1N6AD0CW5EN072585,"€14269,66"
478,Dodge,Avenger,JN8AE2KP8D9917379,"€10924,22"
479,Dodge,Caravan,WBA1J7C56EV487178,"€9719,35"
480,Toyota,Tacoma,WBAFR7C53DD298636,"€28480,23"
481,Subaru,Forester,WBAYA8C52ED309813,"€46940,10"
482,Toyota,MR2,SCFEBBBK1EG046544,"€7520,14"
483,Acura,ZDX,1J4PR4GK0AC504139,"€25970,28"
484,Volkswagen,Eos,SCFEBBCF1CG594221,"€19168,79"
485,Jeep,Commander,WAUMF78P76A303559,"€46309,95"
486,Pontiac,Grand Prix,1G6KD57Y12U650542,"€31366,58"
487,Mazda,MX-5,1D4RD2GG0BC001017,"€34624,32"
488,Jeep,Patriot,2LMDJ6JK1DB449015,"€44392,01"
489,Mazda,MX-6,WBAPH7G51AN485879,"€17474,94"
490,Dodge,Dakota Club,5UXZV4C50CL525231,"€31321,83"
491,Toyota,4Runner,3C63D3FL7CG495258,"€49986,62"
492,Cadillac,STS-V,WAUJT64B92N728140,"€32194,68"
493,Lotus,Esprit,3C3CFFJH1ET497075,"€37188,63"
494,GMC,Savana 3500,JN1BJ0HP1DM423629,"€42135,15"
495,Suzuki,Kizashi,KMHGC4DE7BU446771,"€28987,13"
496,Nissan,350Z,1FMJK1H55CE847746,"€29462,08"
497,GMC,Yukon,5N1AA0NC0DN672052,"€41747,55"
498,Saturn,Sky,3D7LP2ET2BG405515,"€17913,86"
499,GMC,1500,JTDKN3DU9A0038823,"€43918,54"
500,Mazda,Protege,WBAVA37547N104300,"€30805,75"
501,Volkswagen,Jetta,2G4GX5GV9B9009521,"€24280,76"
502,Mercury,Cougar,WA1CGAFEXFD511292,"€5486,16"
503,Hyundai,Tiburon,1FMCU9E70AK085643,"€29725,24"
504,Lexus,SC,1FTEW1C82FF950018,"€14385,12"
505,Ford,Flex,1N6AA0CCXAN384118,"€47090,25"
506,Mazda,Tribute,2FMDK4AC7AB866380,"€27898,20"
507,Chevrolet,Silverado,4JGDF2EE4DA342241,"€15641,06"
508,Chevrolet,Corvette,1G6KD57Y99U455542,"€40623,37"
509,Volvo,XC70,JM3KE2BE1D0408812,"€11574,55"
510,Acura,Vigor,2C3CDYBT3CH165293,"€38657,09"
511,Ford,F-Series,WAUAC48H96K843914,"€25524,72"
512,Cadillac,Eldorado,3VW4A7AT1DM480839,"€40071,69"
513,Buick,Verano,WA1VFBFL9EA274455,"€18429,57"
514,GMC,Suburban 1500,1G6AY5S30F0218517,"€37647,57"
515,Chevrolet,Tahoe,1G6DD67V280106703,"€11941,49"
516,Ford,Thunderbird,2HKRM3H3XFH270120,"€23009,07"
517,Ford,F150,SCFEBBCF7CG821671,"€24702,86"
518,Chevrolet,Suburban 2500,5J8TB4H51DL093227,"€39508,16"
519,BMW,5 Series,19UUA56622A879247,"€44998,93"
520,Cadillac,Escalade,WAUVT68E54A753343,"€40537,61"
521,Porsche,911,3D73Y3CL0BG539431,"€28323,73"
522,Scion,tC,5NPDH4AE1CH837357,"€29941,36"
523,Jeep,Cherokee,JN1AZ4EH1FM360608,"€28779,35"
524,Chrysler,PT Cruiser,WVGEP9BP8FD686821,"€37941,18"
525,Mercury,Lynx,1GYS3CKJ1FR869602,"€40900,58"
526,Porsche,911,1FTFW1E81AF178573,"€24766,29"
527,Chevrolet,2500,SALAC2D49BA162865,"€22679,91"
528,Subaru,Outback,WBADS43412G148652,"€21262,59"
529,Bentley,Continental GTC,3VWC17AU2FM021780,"€46749,87"
530,Nissan,Frontier,WAUPL58E04A190138,"€10634,66"
531,Volkswagen,Golf III,4T3BA3BB4FU455928,"€21832,54"
532,Ford,Tempo,1C4RDJAG5DC955877,"€42681,90"
533,Honda,Fit,JTDKTUD38ED891912,"€15387,40"
534,BMW,M6,3D4PG6FV1AT862845,"€41190,69"
535,Mazda,Millenia,WVGAV7AX2FW380616,"€40574,57"
536,Mercedes-Benz,G-Class,WVWBB7AJ1DW433980,"€22689,29"
537,Mercury,Mystique,WBAKE5C52CJ894030,"€46285,42"
538,Chevrolet,SSR,KMHGH4JH6CU490794,"€28886,74"
539,Mazda,MX-5,5N1CR2MM2EC367480,"€18097,98"
540,BMW,3 Series,YV126MFC9F2932396,"€7174,17"
541,Audi,A4,WUARL48H64K722943,"€16515,09"
542,Audi,A8,WAUWMAFC2EN000305,"€43858,47"
543,Kia,Sedona,WAUDH94FX6N931014,"€28871,68"
544,Lexus,IS,4T1BF1FK4FU782208,"€20229,18"
545,Jeep,Wrangler,JN8AZ2KR3BT336345,"€41596,76"
546,GMC,Vandura G2500,WBSDX9C51BE800068,"€35572,43"
547,Nissan,GT-R,1G6KF57904U111240,"€21378,74"
548,Lexus,IS F,1N6AA0CC7DN674675,"€21856,37"
549,Lotus,Evora,SCBLF34F12C770711,"€12027,00"
550,Mercury,Grand Marquis,3C3CFFFH0DT044329,"€43287,14"
551,Ford,E150,1GYFK56269R670214,"€15912,84"
552,Cadillac,Eldorado,1B3CB9HA7BD335603,"€48900,44"
553,Hyundai,Tucson,19UUA9F52CA463246,"€33383,97"
554,Chevrolet,Cavalier,2T3BF4DV1AW173043,"€38963,97"
555,Nissan,Pathfinder,WBAEV33493P619731,"€46990,32"
556,Chevrolet,Sportvan G30,KMHGH4JH2CU040026,"€8789,47"
557,Mercury,Milan,JN8CS1MU6FM263397,"€20421,23"
558,Dodge,Ram Van 3500,5FRYD3H67EB737396,"€39174,45"
559,Acura,Legend,WBAXG5C5XCC756787,"€38616,90"
560,Chrysler,Crossfire,1G6AJ5SX4D0454270,"€40172,13"
561,GMC,3500 Club Coupe,JM1NC2JF7B0835544,"€41939,73"
562,Chevrolet,Corvette,5N1AN0NW8DN553910,"€34892,39"
563,Ford,Club Wagon,WVWAN7AN0EE267948,"€46943,34"
564,Toyota,Highlander,WP0AA2A80CS638534,"€24519,44"
565,Buick,Park Avenue,JH4CU2F69EC784692,"€36567,05"
566,Chrysler,300M,SAJWA4HAXEM562307,"€7627,30"
567,Mercury,Grand Marquis,1FTEW1CF1FF444856,"€5889,38"
568,Land Rover,Discovery Series II,3D7JB1EK0AG630912,"€48033,46"
569,Chevrolet,G-Series G30,1GYEC63T24R330773,"€5805,69"
570,Mitsubishi,Chariot,SCBDC47L59C115952,"€24638,74"
571,Pontiac,Sunbird,1G4GC5G39EF256074,"€23454,53"
572,Chevrolet,Tracker,1FTEX1E80AF876102,"€7051,88"
573,Plymouth,Voyager,WA1C8BFP8DA051603,"€10430,75"
574,Audi,TT,WBAEU334X5P291502,"€33802,05"
575,GMC,Savana,WAUGL98EX8A267689,"€43435,63"
576,Dodge,Caliber,1C3BCBFG0EN621527,"€7018,77"
577,Volvo,V70,1GYFK63887R095996,"€23015,25"
578,Lamborghini,Murciélago,WAUFEBFM2CA740811,"€8314,21"
579,Dodge,Spirit,JN1CV6FE9BM483605,"€17405,32"
580,BMW,X5,ZHWGU5BR0EL855676,"€35620,32"
581,Dodge,Intrepid,WBABN33442P892254,"€27007,18"
582,Mitsubishi,Mirage,2HNYD28308H245268,"€21954,61"
583,Mitsubishi,Lancer Evolution,2G4WB52K221386214,"€19675,64"
584,Cadillac,CTS,2C4JDGAG0CR714623,"€8368,25"
585,Mazda,Tribute,3C6TD4MT9CG041196,"€10227,39"
586,Nissan,Versa,5N1AT2ML6EC538084,"€47174,17"
587,Ford,Laser,JM1GJ1T69E1375453,"€33612,59"
588,Lamborghini,Murciélago,1VWAP7A3XEC108856,"€14199,82"
589,Volvo,S40,3C4PDDEG1CT421037,"€45976,19"
590,Chrysler,300,5UXFE83539L793922,"€16794,47"
591,GMC,Yukon,3C63DRGL2CG200200,"€9960,42"
592,Aston Martin,V8 Vantage S,JTEBU5JR1F5673510,"€11974,41"
593,Mazda,CX-7,WP1AA2A23BL869296,"€13036,21"
594,Cadillac,STS-V,1G4GH5E3XCF110817,"€49186,77"
595,Chevrolet,Corvette,5FNYF3H27CB389797,"€35322,03"
596,Kia,Sephia,WBABN734X3P645345,"€49313,65"
597,Ford,Fusion,2G61P5S3XF9107983,"€38540,34"
598,Ford,Ranger,WAUHFAFL3BA110804,"€21141,56"
599,Nissan,Frontier,1G6YV36A865789843,"€37251,49"
600,Toyota,MR2,WVGBF7A97AD962590,"€15305,77"
601,Ford,Probe,JM1GJ1T61F1134696,"€31105,50"
602,GMC,Jimmy,JH4DC53033C773256,"€11881,33"
603,Fiat,Nuova 500,WAUXF78K09A036318,"€41873,08"
604,BMW,X5,19VDE2E51EE213677,"€47810,47"
605,Toyota,T100 Xtra,1G6DP577570833318,"€39224,21"
606,Ford,F-Series Super Duty,1G4HJ5EM3AU940775,"€40901,78"
607,Toyota,Sienna,2T1BU4EE7BC012499,"€17442,23"
608,BMW,X3,W04GU5GC7B1648572,"€28967,09"
609,Dodge,Ram 1500 Club,3D7JB1EK7AG208068,"€38136,04"
610,Dodge,Challenger,JTJBJRBZ2F2568069,"€28637,54"
611,Hyundai,Santa Fe,JM1BL1H36A1268177,"€36535,72"
612,Audi,RS4,KMHHT6KD5DU356225,"€13962,97"
613,Audi,A6,2D4RN4DG3BR172252,"€31970,11"
614,BMW,530,1GD312CG9CF556917,"€18974,63"
615,Mercury,Villager,WBAWL73557P072523,"€44907,13"
616,Honda,Odyssey,3TMJU4GN2DM735020,"€6579,11"
617,Mitsubishi,Eclipse,WAUHF98P38A630749,"€33321,95"
618,Dodge,Grand Caravan,WAUJFAFH3DN950168,"€46348,40"
619,Dodge,Stealth,WAUDFAFL2CA233638,"€28103,59"
620,Ford,E-Series,1GYS3KEF3CR680558,"€7721,12"
621,Volvo,850,1C3CDFCAXDD477305,"€20862,25"
622,Buick,Estate,WBAPT73558C299482,"€35404,74"
623,Nissan,Quest,1C3BC2FBXBN220003,"€8957,07"
624,Honda,CR-V,1VWAH7A33DC275619,"€30882,67"
625,Ford,Crown Victoria,SAJWA4EC0DM619814,"€18884,12"
626,Lotus,Elan,JTEBU5JR3B5104619,"€9526,87"
627,BMW,525,WAUNF78PX7A691716,"€42724,64"
628,GMC,Savana,1G6DR57V280815532,"€41279,91"
629,Pontiac,Grand Prix,1N6BF0KM3FN045644,"€19868,79"
630,Maybach,57,1GYS4FEJ4BR710528,"€22248,29"
631,Oldsmobile,Bravada,WBA3N3C56FK754392,"€27539,62"
632,Pontiac,Parisienne,JTDKN3DU9A0188494,"€7493,23"
633,Chevrolet,Corvette,JA32X2HU6BU497346,"€27815,86"
634,Maybach,57,1N6AA0CC4CN406794,"€35396,29"
635,Pontiac,Bonneville,5YMGZ0C51AL811440,"€18894,11"
636,Subaru,Legacy,4T1BK1EB7FU159694,"€44116,07"
637,BMW,760,4T1BF3EK3BU873283,"€14060,05"
638,Jeep,Wrangler,5FRYD4H46FB199831,"€46133,81"
639,Chevrolet,Corsica,WP0CB2A86FK917660,"€25999,27"
640,Saturn,S-Series,2T1KU4EE7CC807232,"€40667,29"
641,Nissan,Frontier,JN8AZ1FYXCW597614,"€39692,04"
642,Kia,Sportage,1G6AZ5S38E0978383,"€5264,52"
643,Plymouth,Laser,1FTWX3A55AE578954,"€14470,53"
644,Volvo,S80,YV126MECXF1962188,"€30830,90"
645,Volkswagen,Cabriolet,WDDGF4HB5DG181853,"€14265,21"
646,Dodge,Avenger,WAULT68E65A870244,"€19764,03"
647,Chevrolet,Corvette,YV1622FS3C2668760,"€41940,64"
648,Ford,Edge,4A31K2DF5BE660434,"€28699,42"
649,GMC,Sierra 1500,WBALX3C50CD308703,"€9542,27"
650,Aston Martin,Virage,YV4952CT0C1709372,"€42398,13"
651,Infiniti,G,WAUEFAFL7DA425062,"€21019,63"
652,Volkswagen,Passat,5J8TB3H5XFL515069,"€13081,39"
653,Maserati,Spyder,1GYUKEEJ8AR960927,"€20024,01"
654,Chevrolet,Camaro,1G6DS8E30D0899920,"€40287,41"
655,Dodge,Spirit,YV140MEB7F1975370,"€34896,06"
656,GMC,Safari,1FTFW1E88AF596919,"€21782,59"
657,Chevrolet,Silverado,WBAFR7C54CC955559,"€37530,23"
658,Saab,900,3VWJX7AJ0AM775166,"€44378,95"
659,Toyota,Prius,4JGDA2EB0EA763301,"€20214,63"
660,Buick,Enclave,5N1AR1NB5BC144070,"€7796,82"
661,Honda,del Sol,5N1AT2MK2FC614330,"€48038,90"
662,Chevrolet,Silverado,WAULFAFH9EN840624,"€11558,96"
663,Nissan,Altima,3GYFNFEY1BS168054,"€27749,83"
664,Mercedes-Benz,E-Class,WAUPEAFM8BA271639,"€45740,47"
665,Ford,F-Series Super Duty,1FTFW1E80AK839159,"€37540,60"
666,Audi,100,WBAGN83483D330301,"€20475,46"
667,Ford,Escort,WVGBF7A95AD826474,"€21903,33"
668,Chevrolet,Blazer,19XFB2F24CE703878,"€6614,01"
669,Mitsubishi,Montero,5LMJJ2H59AE144270,"€42675,29"
670,Suzuki,XL-7,KNADH5A39B6602263,"€26512,51"
671,Mercedes-Benz,S-Class,1FTMF1EW8AK773563,"€32259,02"
672,Honda,Pilot,WBAUP73519V956355,"€27904,81"
673,Chevrolet,Corvette,1N6AA0CC5AN984948,"€29710,88"
674,Dodge,Viper RT/10,3C6TD5JT1CG800062,"€32697,54"
675,GMC,Sonoma,SCFEDCAD9CG314045,"€15109,55"
676,Mazda,Millenia,WAUDL94FX5N501917,"€28671,74"
677,Plymouth,Neon,JN1CV6AP7BM462275,"€48402,21"
678,Saturn,S-Series,SCFEBBCF9BG381788,"€16912,86"
679,GMC,Sonoma Club Coupe,WBS3R9C5XFF284542,"€22546,48"
680,Nissan,Titan,1D4PT4GK3AW733391,"€16500,00"
681,Volkswagen,rio,WAUMF98PX6A823833,"€43324,91"
682,Hyundai,Accent,3C4PDCGB6ET756132,"€23035,39"
683,Audi,90,WBA3R5C51FF368407,"€28736,04"
684,Mercedes-Benz,500E,1G4GA5ER2CF903666,"€12257,38"
685,GMC,Yukon,1C4RDJEG3CC599843,"€36500,66"
686,Ford,Crown Victoria,1FTSW2A59AE891601,"€34007,44"
687,Mazda,B-Series Plus,WBAUC9C55BV974855,"€36631,44"
688,Lexus,IS,WAUMV44E57N856842,"€13106,65"
689,Buick,Park Avenue,3C63DRML9CG561654,"€35686,95"
690,GMC,Jimmy,WBAWL73588P231536,"€5500,67"
691,Ford,Explorer,SAJWA4FC6EM770947,"€15972,01"
692,Saab,9-5,2T1BURHE4EC067358,"€28880,94"
693,Dodge,Daytona,SALFP2BN3AH420518,"€17853,90"
694,Chevrolet,Express 1500,1G4HP57207U914282,"€5818,96"
695,Mercedes-Benz,SL-Class,1G6DL8E34C0449845,"€12067,27"
696,Mercedes-Benz,300CE,JTHFE2C27A2380933,"€10641,26"
697,Chevrolet,Colorado,SCFAB01A28G423897,"€42704,43"
698,Volvo,XC90,1VWAH7A36EC502674,"€46229,47"
699,Honda,CR-V,1FTWW3A58AE252309,"€40374,21"
700,Mercedes-Benz,CLK-Class,1VWAS7A31FC938724,"€40636,76"
701,Nissan,Altima,3VW4S7AT7EM187610,"€40723,13"
702,Mercury,Mountaineer,1N6AA0EJ3FN240512,"€27461,82"
703,Ford,Expedition,5NPDH4AE3EH771719,"€42090,27"
704,Buick,LaCrosse,WAULD54B74N639248,"€35682,85"
705,Mitsubishi,Eclipse,5FRYD4H24GB359088,"€19088,58"
706,Mazda,Miata MX-5,3D4PG9FV2AT813770,"€35059,95"
707,BMW,7 Series,19VDE3F37DE899676,"€40556,92"
708,Pontiac,Grand Prix,1D7RW5GKXBS039332,"€13129,41"
709,Lexus,IS F,1FM5K7B84EG056395,"€25368,87"
710,Dodge,Ram 3500,2D4RN6DX6AR383035,"€33396,61"
711,Saturn,VUE,WAUSH98EX6A898418,"€20002,95"
712,Chevrolet,Sonic,YV4940BL7D1708889,"€24711,63"
713,Dodge,Stratus,WAUVC68E45A912435,"€30558,35"
714,Volkswagen,Jetta,1GYS3DEF3CR435948,"€20802,39"
715,Subaru,Forester,TRUUT28N851323207,"€15671,91"
716,Pontiac,GTO,KNALN4D70F5369320,"€28086,04"
717,Porsche,928,2T1KU4EE7DC712946,"€46306,66"
718,BMW,Z8,1HGCR6F38EA188566,"€8091,07"
719,Isuzu,i-Series,1FMJK1F58AE746992,"€20651,10"
720,Honda,Accord,5UXWX7C59CL907689,"€10904,15"
721,Subaru,Legacy,SAJWA4DC7CM356379,"€38086,99"
722,Ford,Escort,2B3CJ4DG4BH522459,"€21126,72"
723,Cadillac,Escalade EXT,WBA3V7C55F5800221,"€38792,45"
724,Bentley,Azure,1HGCR2E76DA195463,"€14263,25"
725,Ford,Freestar,3LN6L2LU6DR067280,"€18430,54"
726,BMW,X3,YV4952BL1E1904563,"€29037,46"
727,Subaru,Impreza,WDDHF0EB4FB326298,"€45693,49"
728,Mitsubishi,Eclipse,WBA3B5C59EP735020,"€33497,64"
729,Ford,Bronco,4A4JM2AS5AE524262,"€42580,07"
730,Dodge,Ram,WBS3R9C56FF533385,"€20256,80"
731,Pontiac,Montana,WAUKFBFL8EA332321,"€34216,34"
732,Ford,Econoline E250,JM1NC2JF9F0431568,"€33199,85"
733,Toyota,FJ Cruiser,3C63DRAL5CG138591,"€47766,85"
734,Dodge,Viper,1D7RV1GP6AS610305,"€44161,44"
735,Chevrolet,Malibu,2C3CDYAG6CH176423,"€34634,86"
736,Toyota,Camry Hybrid,2G4GS5EK1C9463481,"€38278,99"
737,Mitsubishi,Outlander,3C4PDCBB0ET053178,"€24762,84"
738,Dodge,Viper,WBALW7C57ED593185,"€47282,32"
739,Mazda,MX-5,3VWJX7AJ6AM455379,"€18327,99"
740,Pontiac,Firebird,WBAEK13547C988970,"€10433,54"
741,Nissan,Murano,WBADR63422G630201,"€45186,79"
742,Mazda,MX-5,1FTEW1C8XAK017354,"€45463,86"
743,Maserati,Gran Sport,5NPDH4AE8CH432435,"€32524,36"
744,Hummer,H3,1C4RDJDG7DC554794,"€8802,08"
745,Mercury,Capri,3C6TD5GT1CG308509,"€29967,97"
746,Suzuki,XL7,WBADX7C56DE678805,"€38050,12"
747,Jaguar,XJ,3GYFK66N26G936811,"€22985,43"
748,Mercedes-Benz,CL-Class,5UXFG83578L451494,"€33522,39"
749,Volvo,XC90,WAUSG74F09N281869,"€15342,09"
750,Cadillac,Escalade,WBABN73423P348814,"€14486,40"
751,Ford,Th!nk,1G4PP5SK4E4577020,"€7714,36"
752,Mazda,MX-5,JH4CW2H66DC718610,"€14093,11"
753,Nissan,Titan,WAUGFAFC8FN880619,"€38531,54"
754,Suzuki,Vitara,1FMJK1F50DE561503,"€12317,53"
755,Nissan,NX,4A31K3DT9CE336254,"€48170,14"
756,Eagle,Summit,JH4DC53823C617215,"€38827,23"
757,Honda,Insight,WAU3VAFR1AA839979,"€39047,11"
758,Isuzu,Stylus,4T1BF3EKXAU379856,"€41859,71"
759,GMC,Yukon,JN1CV6EK1EM738551,"€18828,37"
760,Ford,Escape,1N4AB7AP1EN006697,"€9525,56"
761,Mitsubishi,Expo,JTDJTUD33ED345224,"€48639,66"
762,Ford,F-Series,WAUJT58EX2A378930,"€30637,33"
763,GMC,Yukon XL 2500,KMHFH4JG5FA458816,"€29728,60"
764,Mercedes-Benz,M-Class,SCFEFBAC7AG390288,"€29509,37"
765,Ford,Expedition,3MZBM1K7XFM783084,"€41693,94"
766,Volvo,V70,5GAEV23D09J459619,"€49962,88"
767,Honda,Pilot,WAUCFAFR8FA774682,"€31476,14"
768,Mazda,B-Series Plus,WBALL5C58DE915063,"€31553,65"
769,BMW,Z3,KNDPB3AC4E7536662,"€44366,96"
770,Mitsubishi,Lancer Evolution,3FADP0L33AR382311,"€5245,39"
771,Saturn,VUE,3C3CFFDR9FT321395,"€35184,56"
772,Lincoln,Town Car,WAUHFAFL9CN774633,"€40271,77"
773,Chevrolet,Silverado 1500,JN1AZ4EH3BM690535,"€32342,53"
774,Mazda,929,YV1672MK5D2436862,"€24743,67"
775,Volvo,960,WBAKN9C57FD334238,"€35778,75"
776,Lincoln,Continental,JN8AZ2NC0B9344035,"€34574,97"
777,Lexus,GX,JN1BY0AR8AM245804,"€38478,11"
778,Toyota,Tacoma Xtra,WAULT64BX2N835691,"€39915,01"
779,Toyota,Previa,2T2BK1BA9FC314187,"€25987,12"
780,Toyota,Camry,1C4AJWAG0FL250331,"€12071,91"
781,Ford,F350,1FMJK1J58AE195566,"€42617,96"
782,Buick,LeSabre,YV4902NC6F1425339,"€37760,22"
783,Mazda,MX-6,WBA3R1C55FF055577,"€7042,32"
784,Dodge,Ram 3500 Club,4USBU53597L724029,"€42422,20"
785,Pontiac,6000,KMHHT6KD7AU362054,"€39604,88"
786,Bentley,Arnage,WBAPH57509N954928,"€24916,56"
787,Subaru,Legacy,4USDU53517L494141,"€46289,94"
788,Dodge,Ram 2500,JHMZF1D46CS221764,"€23704,14"
789,Plymouth,Voyager,WAUFGBFC8DN208068,"€36052,07"
790,Subaru,Impreza,1VWAS7A33FC330249,"€13888,12"
791,Volvo,XC90,TRUWT28N541722955,"€15301,03"
792,GMC,Yukon XL 2500,YV4852CT0B1896669,"€21624,09"
793,Jaguar,XK Series,WBALW7C52CD224649,"€5369,27"
794,Suzuki,Sidekick,1C4RDJEG8EC686687,"€7667,83"
795,Chevrolet,Silverado 1500,KMHGH4JH6DU909163,"€34508,24"
796,Mitsubishi,GTO,WBA1J7C58EV183575,"€36381,47"
797,Honda,S2000,3C6JD7BP3CG792468,"€28214,39"
798,Hyundai,XG350,WBAEU33494P740019,"€42475,87"
799,Mazda,Protege5,JM1CR2W33A0038047,"€22455,13"
800,Honda,Passport,19VDE1F54EE530166,"€20492,31"
801,Audi,Q7,WBAPM73579A475152,"€27049,83"
802,Ford,Focus,JHMZE2H77ES632784,"€41094,06"
803,Ford,E150,WBADN63422G032296,"€12484,86"
804,Ford,Excursion,3D7TT2CTXBG804395,"€23094,89"
805,Buick,Coachbuilder,TRUTX28N511875872,"€47328,84"
806,Chevrolet,Suburban 1500,WAULT54B94N259279,"€16910,18"
807,Chevrolet,Venture,5N1BA0NE4FN658759,"€48740,61"
808,Suzuki,Swift,2FMDK3GCXBB559045,"€22093,84"
809,Acura,RL,5GAKRBED9BJ633603,"€39899,50"
810,Volvo,S40,1VWAP7A32EC731551,"€17637,91"
811,Mitsubishi,Expo,1C3BC2FBXBN247735,"€12189,23"
812,Hyundai,Elantra,JTDKN3DUXB0591062,"€23218,77"
813,Toyota,Paseo,5UXWX5C53CL499307,"€41443,28"
814,Ford,F250,1G6DW67VX90934994,"€14699,52"
815,Mercury,Tracer,WAUAH74F66N853757,"€35500,79"
816,Jaguar,XK,4T1BK1EB1FU521454,"€32859,69"
817,Nissan,NV1500,WAUKF78E87A807528,"€21848,83"
818,Oldsmobile,Aurora,KNAFU6A25C5445873,"€36590,26"
819,GMC,Sierra 3500,1G6KF57912U237507,"€29904,44"
820,Jeep,Compass,3G5DA03L67S831856,"€14023,88"
821,Dodge,Dynasty,WAULFAFH6DN066475,"€40144,60"
822,BMW,Z8,3VWML7AJXEM221146,"€11400,61"
823,Saab,9-5,2HNYD2H3XDH346215,"€17649,25"
824,Chevrolet,K5 Blazer,4USBU53588L992698,"€29333,33"
825,Lamborghini,Diablo,5FRYD4H93GB735874,"€15779,90"
826,Lexus,SC,WBACN33401L583438,"€23025,63"
827,Lincoln,Continental Mark VII,1FTWX3A55AE480328,"€20570,59"
828,Honda,Ridgeline,3D73M4CL6BG478250,"€49480,19"
829,GMC,Jimmy,3C3CFFFH7DT843167,"€38227,56"
830,Toyota,T100,2G61N5S33E9291734,"€13761,06"
831,GMC,Sierra 2500,JN1AZ4EH2EM745481,"€34968,43"
832,MINI,Cooper,5J8TB3H5XGL455084,"€31844,01"
833,Oldsmobile,Aurora,WAUEL94F45N377230,"€18489,37"
834,Ford,LTD,WDCYC7DF0FX070710,"€45278,54"
835,Audi,S4,1N4AB7AP4EN532709,"€32731,73"
836,Honda,Accord,WBAYF8C54FD636152,"€11333,95"
837,Dodge,Intrepid,WBAPM5C58BF169784,"€11092,83"
838,Oldsmobile,Bravada,1J4RG4GK9AC641630,"€11002,81"
839,BMW,M3,WBA3C1C53DK563780,"€19800,89"
840,Honda,Accord,2T1BU4EE6DC881016,"€5427,04"
841,Hyundai,Santa Fe,WAUSH98E66A689628,"€22589,75"
842,Dodge,Ram 3500,SCBLC37F34C232227,"€33176,96"
843,Pontiac,Grand Prix,5NPDH4AE9FH882860,"€29889,83"
844,BMW,M3,JN1BY0AR7AM850218,"€11484,01"
845,Chrysler,Town & Country,WAUUL98E68A290227,"€21111,13"
846,GMC,Terrain,2C3CDYAG4DH683998,"€37491,16"
847,Dodge,Charger,1G6AY5S38F0544792,"€14234,72"
848,GMC,Jimmy,1GTN1TEX2CZ094666,"€38518,89"
849,Volvo,S70,JH4DC53086S226686,"€42269,27"
850,Dodge,Ram 3500,2FMPK4J92FB430948,"€26423,71"
851,Bugatti,Veyron,3FAHP0DC1AR090141,"€22622,17"
852,Volkswagen,Scirocco,WVWGU7AN8AE517136,"€33432,47"
853,Ferrari,612 Scaglietti,SCFAB22301K778968,"€46465,33"
854,Acura,TL,WA1VMAFE6CD858468,"€11098,99"
855,Chevrolet,Express 1500,5BZAF0AA5EN284522,"€37178,66"
856,BMW,530,JM1CW2BL1D0896264,"€28881,96"
857,Mercedes-Benz,Sprinter,2C3CDXBG8EH669774,"€44351,31"
858,Toyota,RAV4,3VWC17AU1FM035847,"€9671,46"
859,Chevrolet,Silverado 3500,4T1BF3EK4AU359733,"€14868,55"
860,Pontiac,Firefly,JN8AZ2KR1BT622033,"€48337,71"
861,Subaru,Legacy,3C63DRHL5CG349375,"€21952,23"
862,Chevrolet,Corvette,1FTEX1CM4CF090211,"€23627,26"
863,Ford,Focus,1GYFC16219R487275,"€9596,53"
864,GMC,3500,1C3CCBHGXCN764824,"€21513,08"
865,GMC,Jimmy,1G6AB5RX3D0862519,"€21544,56"
866,Kia,Spectra5,YV126MFJ3F1361847,"€39485,48"
867,Ford,Mustang,WBAET37402N231457,"€37784,81"
868,Ford,Thunderbird,4JGDA2EBXEA092235,"€48024,80"
869,Hyundai,Santa Fe,1G4HP54K72U123079,"€8714,04"
870,Mitsubishi,Endeavor,WAUAF78E18A991126,"€24096,31"
871,Hyundai,Elantra,3VWML7AJ3EM089511,"€11512,33"
872,GMC,2500,WAULFAFH5DN140405,"€20416,62"
873,Ford,E250,137ZA833X1E461481,"€43077,37"
874,Toyota,4Runner,SAJWA4EC5CM884422,"€14135,17"
875,Subaru,Legacy,JTHBB1BA6B2058165,"€15673,76"
876,Cadillac,Escalade,WAUBF78E67A883023,"€30261,76"
877,Ford,Taurus,4T1BF3EK2AU379334,"€40457,64"
878,Pontiac,GTO,SCBZB25E22C266383,"€12379,54"
879,Ford,Explorer,1N6AF0LX7EN068461,"€42876,20"
880,Audi,Q7,WBAUU3C58CA553196,"€25332,58"
881,Chevrolet,Cobalt,YV4940BZ6E1776042,"€47346,29"
882,Lexus,ES,WAUBVAFA6AN690788,"€44410,85"
883,Ford,F-Series,1C4RJEAGXFC381733,"€26514,73"
884,Audi,A3,5TDBKRFHXFS434260,"€23187,21"
885,Mitsubishi,Mirage,KNAFK4A60F5731826,"€33482,10"
886,Ford,Explorer,WBAAV534X1F113869,"€22696,41"
887,Jaguar,XJ Series,JN1CV6AP3AM046934,"€9943,12"
888,Porsche,928,3VWKP7AJ1CM637305,"€22317,50"
889,Suzuki,Swift,WBAEV53462K695415,"€41077,76"
890,Toyota,Prius,WAUKH78E67A252010,"€48593,05"
891,Jeep,Wrangler,WAUAT48HX4K976534,"€40292,39"
892,Ford,Escort,KM8NU4CC4BU862085,"€47225,00"
893,Land Rover,LR2,JTHBK1EG8B2879137,"€7036,78"
894,Jeep,Grand Cherokee,3FADP0L36AR041131,"€16797,20"
895,Lincoln,MKX,5YMGZ0C52E0389346,"€13450,83"
896,Chevrolet,Blazer,1FMCU0F77DU864847,"€26132,37"
897,Ford,Club Wagon,1FAHP3DN8AW409986,"€36120,18"
898,Mercury,Sable,3D73Y3CL4BG934390,"€5727,07"
899,Maserati,GranTurismo,WA1UFAFL0DA658094,"€40448,09"
900,Ford,F150,JH4KB16697C049824,"€8881,67"
901,Nissan,Altima,KMHHT6KD3CU589762,"€10261,92"
902,BMW,645,KMHGH4JH9DU689727,"€28277,95"
903,Ford,Expedition,1C3CDZBG2DN453386,"€21872,06"
904,Land Rover,LR4,JN1AZ4FH4FM786226,"€13597,56"
905,Chevrolet,2500,TRUVD38J291521078,"€21844,58"
906,Suzuki,Forenza,WAUDH78E98A423939,"€31578,07"
907,Chevrolet,Lumina,3GYFNCEY7BS587038,"€22535,16"
908,Ford,F-Series,WAUJT68E15A622071,"€41754,48"
909,Dodge,Avenger,5N1AA0NC2EN284600,"€17346,91"
910,Chevrolet,HHR,2G4GY5GV3B9059960,"€29764,94"
911,Mazda,RX-8,5UXFH0C50AL474359,"€46615,23"
912,Chrysler,Town & Country,KMHTC6AD8CU875439,"€31839,14"
913,Toyota,Tercel,5UXKR2C58F0148860,"€47129,14"
914,Audi,TT,SCBFT7ZA2FC922382,"€28673,23"
915,Land Rover,Range Rover Sport,SALFR2BG4EH182583,"€18635,87"
916,Mazda,Familia,WBA5M4C57ED824034,"€31516,47"
917,Chevrolet,Camaro,5TFBY5F1XAX524926,"€7336,72"
918,Mercedes-Benz,C-Class,3VW467AT3DM425178,"€42498,28"
919,Volvo,V70,5UXFG8C54DL230364,"€26037,57"
920,Mazda,Mazda3,WAUFFBFL7AN415534,"€49915,99"
921,Toyota,Matrix,1G6DK5ED7B0720163,"€47388,54"
922,Chevrolet,Sportvan G30,1FTEW1E85AK957851,"€30078,34"
923,Pontiac,Montana,1C4RDJEGXDC841870,"€40560,33"
924,Nissan,350Z,KMHHT6KD3CU069528,"€26229,09"
925,Toyota,Land Cruiser,5N1AR2MM3FC343956,"€34355,18"
926,Dodge,Caravan,1FBNE3BL2AD947102,"€24226,29"
927,GMC,Yukon,WBAVA37567N368618,"€43646,07"
928,Saturn,Ion,1G4CU541034089210,"€48675,72"
929,Mercury,Cougar,KM8NU4CC9BU294657,"€43333,28"
930,Lexus,LX,2T1KU4EE8BC782078,"€10817,79"
931,Ford,Explorer Sport Trac,1G6AE5S36F0449429,"€47351,46"
932,Ford,Club Wagon,WAUDGBFL1AA581334,"€23082,71"
933,Lincoln,Navigator,5UXWX5C55BL082320,"€30366,87"
934,Lamborghini,Aventador,JN8AE2KPXD9518926,"€23824,26"
935,Plymouth,Neon,1G6DN57S140317768,"€16013,54"
936,Ford,Econoline E350,WAUDF78E87A827982,"€26255,49"
937,Kia,Rio,5LMJJ2H53DE486088,"€41893,95"
938,Dodge,Durango,1G6AY5S32E0670614,"€36883,52"
939,Ford,Th!nk,WAUDN74F48N902821,"€7704,35"
940,Pontiac,G5,JN1CV6AP6BM268398,"€21799,46"
941,Jaguar,XK Series,WDDEJ7EB9DA273143,"€32591,85"
942,Chevrolet,Cobalt,WBAHN83528D630811,"€15810,81"
943,Acura,Legend,WVGEF9BP6DD185040,"€17335,31"
944,Dodge,Daytona,1N4AB7AP3DN876157,"€26996,91"
945,GMC,Yukon,5UXFE43508L026830,"€6878,74"
946,GMC,Yukon XL 2500,3D73Y4HL2BG416907,"€18199,59"
947,Chevrolet,Corvette,1G6DG5EG4A0938653,"€25695,95"
948,Ford,Ranger,JHMZF1C61FS459478,"€10764,67"
949,Chevrolet,Corvette,WBA3B9C59FF990359,"€6157,47"
950,Mercedes-Benz,G-Class,1G6DP5E32C0822397,"€28132,75"
951,Lincoln,Town Car,1G6AS5S3XE0812855,"€38091,73"
952,Dodge,Ram Van 2500,5NPET4ACXAH239914,"€21948,80"
953,Hyundai,Genesis,WAUBH74F18N499895,"€31353,05"
954,Toyota,4Runner,1G6AJ5SX2D0431389,"€8123,03"
955,Lincoln,Town Car,1N6AA0CC5CN925627,"€26685,38"
956,Ford,Mustang,19UYA42731A788397,"€23423,90"
957,Plymouth,Neon,WDBSK7AA8CF002808,"€41786,91"
958,Nissan,Altima,5UXFF0C56AL033079,"€35736,87"
959,Bentley,Azure,WBAFR7C52DD204925,"€15315,66"
960,Honda,Insight,1G6DA8EY3B0945378,"€48096,66"
961,BMW,7 Series,YV4902NB9F1027193,"€23835,00"
962,Ford,F350,WAUWFAFRXBA993621,"€25701,55"
963,Ferrari,599 GTB Fiorano,3VWKZ7AJ7BM809555,"€19860,31"
964,Jeep,Liberty,WAU4FBFL1BA497437,"€14607,59"
965,Jeep,Wrangler,1HGCR6F54EA238509,"€45664,48"
966,GMC,Sonoma Club Coupe,2G61R5S30D9668152,"€41112,89"
967,Oldsmobile,Achieva,1FMJK1F54DE399925,"€28983,95"
968,Ford,Freestyle,WBSCL934X1L017694,"€30893,46"
969,Ford,Taurus,3N1BC1AP0AL081185,"€46697,32"
970,Volvo,960,WDDHF8JBXDA637063,"€17286,76"
971,Bentley,Continental,1FTMF1CWXAF868573,"€6270,39"
972,Land Rover,Freelander,WBAPM5C52BF339167,"€20388,80"
973,GMC,Suburban 2500,JTHBK1GG4F2463704,"€9143,18"
974,Cadillac,Escalade ESV,WA1AV94L99D501676,"€34781,66"
975,Saturn,Relay,JTDKN3DU3B0420718,"€8944,43"
976,Mercedes-Benz,300TE,JM1NC2PF0E0019075,"€11441,61"
977,Oldsmobile,Bravada,JM1NC2JF2E0245577,"€13852,50"
978,Buick,Park Avenue,WAUKFAFL7CN641651,"€14438,25"
979,Lexus,SC,WVWED7AJXDW324215,"€29245,42"
980,Volkswagen,Passat,1FADP3E20DL476266,"€25054,62"
981,Honda,Element,JH4DC54813C691904,"€31140,89"
982,Nissan,Pathfinder Armada,WAU3VAFR4BA985410,"€31695,04"
983,BMW,325,WBS3U9C58FJ931094,"€46477,33"
984,Scion,xD,2C3CCAJG0DH368898,"€40224,46"
985,Chevrolet,Express 1500,WA1LFBFP7EA199989,"€46555,17"
986,Audi,RS4,WA1AGBFE8CD416223,"€7274,41"
987,Ram,2500,WAUML54B52N875093,"€47001,72"
988,Audi,Q5,WBAEW53492P739309,"€38818,37"
989,Ford,E250,JTHBC1KS9A5618893,"€21171,53"
990,Land Rover,Discovery,WAUKH78E26A397365,"€49742,16"
991,Chevrolet,2500,2D4RN3DG0BR557150,"€31622,95"
992,Mercedes-Benz,G-Class,5FPYK1F49DB666480,"€8670,94"
993,Toyota,T100,WAURD68D21A961892,"€26217,67"
994,Toyota,Prius,55SWF4JB0FU006759,"€8746,64"
995,Plymouth,Prowler,WAUMV94E19N772985,"€35177,61"
996,Mercury,Grand Marquis,1D7RV1GP0BS696647,"€25382,57"
997,BMW,M5,2HNYD18801H532721,"€30617,08"
998,Audi,A4,WAUWFAFR3BA495342,"€47501,57"
999,Ford,Escort,5N1AN0NU0FN763094,"€24703,77"
1000,Dodge,Ram Wagon B350,1GYFK26209R714951,"€27368,07"
